[
	{
		"id": "1",
		"img": "./assets/images/buzhang/1.jpg",
		"name": "教育部部长陈宝生",
		"audio": "./assets/music/buzhang/1.mp3",
		"className": "active transition"
	}, {
		"id": "2",
		"img": "./assets/images/buzhang/2.jpg",
		"name": "国务院侨务办公室主任裘援平",
		"audio": "./assets/music/buzhang/2.mp3",
		"className": "right"
	}, {
		"id": "3",
		"img": "./assets/images/buzhang/3.jpg",
		"name": "司法部部长张军",
		"audio": "./assets/music/buzhang/3.mp3",
		"className": "right"
	}, {
		"id": "4",
		"img": "./assets/images/buzhang/4.jpg",
		"name": "国家中医药管理局局长王国强",
		"audio": "./assets/music/buzhang/4.mp3",
		"className": "right"
	}, {
		"id": "5",
		"img": "./assets/images/buzhang/5.jpg",
		"name": "国家文物局局长刘玉珠",
		"audio": "./assets/music/buzhang/5.mp3",
		"className": "right"
	}, {
		"id": "6",
		"img": "./assets/images/buzhang/6.jpg",
		"name": "工业和信息化部部长苗圩",
		"audio": "./assets/music/buzhang/6.mp3",
		"className": "right"
	}, {
		"id": "7",
		"img": "./assets/images/buzhang/7.jpg",
		"name": "监察部部长杨晓渡",
		"audio": "./assets/music/buzhang/7.mp3",
		"className": "right"
	}, {
		"id": "8",
		"img": "./assets/images/buzhang/8.jpg",
		"name": "交通运输部部长李小鹏",
		"audio": "./assets/music/buzhang/8.mp3",
		"className": "right"
	}, {
		"id": "9",
		"img": "./assets/images/buzhang/9.jpg",
		"name": "商务部部长钟山",
		"audio": "./assets/music/buzhang/9.mp3",
		"className": "right"
	}, {
		"id": "10",
		"img": "./assets/images/buzhang/10.jpg",
		"name": "农业部部长韩长赋",
		"audio": "./assets/music/buzhang/10.mp3",
		"className": "right"
	}, {
		"id": "11",
		"img": "./assets/images/buzhang/11.jpg",
		"name": "国务院台湾事务办公室主任张志军",
		"audio": "./assets/music/buzhang/11.mp3",
		"className": "right"
	}, {
		"id": "12",
		"img": "./assets/images/buzhang/12.jpg",
		"name": "国家发展和改革委员会主任何立峰",
		"audio": "./assets/music/buzhang/12.mp3",
		"className": "right"
	}, {
		"id": "13",
		"img": "./assets/images/buzhang/13.jpg",
		"name": "国家卫生和计划生育委员会主任李斌",
		"audio": "./assets/music/buzhang/13.mp3",
		"className": "right"
	}, {
		"id": "14",
		"img": "./assets/images/buzhang/14.jpg",
		"name": "水利部部长陈雷",
		"audio": "./assets/music/buzhang/14.mp3",
		"className": "right"
	}, {
		"id": "15",
		"img": "./assets/images/buzhang/15.jpg",
		"name": "国家工商行政管理总局局长张茅",
		"audio": "./assets/music/buzhang/15.mp3",
		"className": "right"
	}, {
		"id": "16",
		"img": "./assets/images/buzhang/16.jpg",
		"name": "中国银行业监督管理委员会主席郭树清",
		"audio": "./assets/music/buzhang/16.mp3",
		"className": "right"
	}, {
		"id": "17",
		"img": "./assets/images/buzhang/17.jpg",
		"name": "国务院港澳事务办公室主任张晓明",
		"audio": "./assets/music/buzhang/17.mp3",
		"className": "right"
	}, {
		"id": "18",
		"img": "./assets/images/buzhang/18.jpg",
		"name": "国家税务总局局长王军",
		"audio": "./assets/music/buzhang/18.mp3",
		"className": "right"
	}, {
		"id": "19",
		"img": "./assets/images/buzhang/19.jpg",
		"name": "国务院国资委主任肖亚庆",
		"audio": "./assets/music/buzhang/19.mp3",
		"className": "right"
	}, {
		"id": "20",
		"img": "./assets/images/buzhang/20.jpg",
		"name": "文化部部长雒树刚",
		"audio": "./assets/music/buzhang/20.mp3",
		"className": "right"
	}, {
		"id": "21",
		"img": "./assets/images/buzhang/21.jpg",
		"name": "国家知识产权局局长申长雨",
		"audio": "./assets/music/buzhang/21.mp3",
		"className": "right"
	}, {
		"id": "22",
		"img": "./assets/images/buzhang/22.jpg",
		"name": "中国气象局局长刘雅鸣",
		"audio": "./assets/music/buzhang/22.mp3",
		"className": "right"
	}, {
		"id": "23",
		"img": "./assets/images/buzhang/23.jpg",
		"name": "国务院扶贫办主任刘永富",
		"audio": "./assets/music/buzhang/23.mp3",
		"className": "left"
	},{
		"id": "24",
		"img": "./assets/images/24.jpg",
		"name": "国家邮政局局长马军胜",
		"audio": "./assets/music/24.mp3",
		"className": "active transition"
	}, {
		"id": "25",
		"img": "./assets/images/25.jpg",
		"name": "国家体育总局局长苟仲文",
		"audio": "./assets/music/25.mp3",
		"className": "right"
	}, {
		"id": "26",
		"img": "./assets/images/26.jpg",
		"name": "中国残疾人联合会执行理事会理事长鲁勇",
		"audio": "./assets/music/26.mp3",
		"className": "right"
	}, {
		"id": "27",
		"img": "./assets/images/27.jpg",
		"name": "生态环境部部长李干杰",
		"audio": "./assets/music/27.mp3",
		"className": "right"
	}, {
		"id": "28",
		"img": "./assets/images/28.jpg",
		"name": "住房和城乡建设部部长王蒙徽",
		"audio": "./assets/music/28.mp3",
		"className": "right"
	}, {
		"id": "29",
		"img": "./assets/images/29.jpg",
		"name": "审计署审计长胡泽君",
		"audio": "./assets/music/29.mp3",
		"className": "right"
	}, {
		"id": "30",
		"img": "./assets/images/30.jpg",
		"name": "科学技术部部长王志刚",
		"audio": "./assets/music/30.mp3",
		"className": "left"
	}
]