[

	{
		"id": "1",
		"img": "./assets/images/daibiao/1.jpg",
		"name": "马化腾代表",
		"audio": "./assets/music/daibiao/1.mp3",
		"className": "active transition"
	}, {
		"id": "2",
		"img": "./assets/images/daibiao/2.jpg",
		"name": "王亚平代表",
		"audio": "./assets/music/daibiao/2.mp3",
		"className": "right"
	}, {
		"id": "3",
		"img": "./assets/images/daibiao/3.jpg",
		"name": "徐立毅代表",
		"audio": "./assets/music/daibiao/3.mp3",
		"className": "right"
	}, {
		"id": "4",
		"img": "./assets/images/daibiao/4.jpg",
		"name": "郭凤莲代表",
		"audio": "./assets/music/daibiao/4.mp3",
		"className": "right"
	}, {
		"id": "5",
		"img": "./assets/images/daibiao/5.jpg",
		"name": "巩保雄代表",
		"audio": "./assets/music/daibiao/5.mp3",
		"className": "right"
	}, {
		"id": "6",
		"img": "./assets/images/daibiao/6.jpg",
		"name": "杨昌芹代表",
		"audio": "./assets/music/daibiao/6.mp3",
		"className": "right"
	}, {
		"id": "7",
		"img": "./assets/images/daibiao/7.jpg",
		"name": "左香云代表",
		"audio": "./assets/music/daibiao/7.mp3",
		"className": "right"
	}, {
		"id": "8",
		"img": "./assets/images/daibiao/8.jpg",
		"name": "陈虹代表",
		"audio": "./assets/music/daibiao/8.mp3",
		"className": "right"
	}, {
		"id": "9",
		"img": "./assets/images/daibiao/9.jpg",
		"name": "王建清代表",
		"audio": "./assets/music/daibiao/9.mp3",
		"className": "right"
	}, {
		"id": "10",
		"img": "./assets/images/daibiao/10.jpg",
		"name": "郭锐代表",
		"audio": "./assets/music/daibiao/10.mp3",
		"className": "right"
	}, {
		"id": "11",
		"img": "./assets/images/daibiao/11.jpg",
		"name": "张工代表",
		"audio": "./assets/music/daibiao/11.mp3",
		"className": "right"
	}, {
		"id": "12",
		"img": "./assets/images/daibiao/12.jpg",
		"name": "袁桐利代表",
		"audio": "./assets/music/daibiao/12.mp3",
		"className": "right"
	}, {
		"id": "13",
		"img": "./assets/images/daibiao/13.jpg",
		"name": "杨茂荣代表",
		"audio": "./assets/music/daibiao/13.mp3",
		"className": "right"
	}, {
		"id": "14",
		"img": "./assets/images/daibiao/14.jpg",
		"name": "董明珠代表",
		"audio": "./assets/music/daibiao/14.mp3",
		"className": "right"
	}, {
		"id": "15",
		"img": "./assets/images/daibiao/15.jpg",
		"name": "吴光辉代表",
		"audio": "./assets/music/daibiao/15.mp3",
		"className": "right"
	}, {
		"id": "16",
		"img": "./assets/images/daibiao/16.jpg",
		"name": "雷军代表",
		"audio": "./assets/music/daibiao/16.mp3",
		"className": "right"
	}, {
		"id": "17",
		"img": "./assets/images/daibiao/17.jpg",
		"name": "周光权代表",
		"audio": "./assets/music/daibiao/17.mp3",
		"className": "right"
	}, {
		"id": "18",
		"img": "./assets/images/daibiao/18.jpg",
		"name": "张甲天代表",
		"audio": "./assets/music/daibiao/18.mp3",
		"className": "right"
	}, {
		"id": "19",
		"img": "./assets/images/daibiao/19.jpg",
		"name": "傅信平代表",
		"audio": "./assets/music/daibiao/19.mp3",
		"className": "right"
	}, {
		"id": "20",
		"img": "./assets/images/daibiao/20.jpg",
		"name": "韩德云代表",
		"audio": "./assets/music/daibiao/20.mp3",
		"className": "right"
	}, {
		"id": "21",
		"img": "./assets/images/daibiao/21.jpg",
		"name": "余红艺代表",
		"audio": "./assets/music/daibiao/21.mp3",
		"className": "right"
	}, {
		"id": "22",
		"img": "./assets/images/daibiao/22.jpg",
		"name": "郭大进代表",
		"audio": "./assets/music/daibiao/22.mp3",
		"className": "right"
	}, {
		"id": "23",
		"img": "./assets/images/daibiao/23.jpg",
		"name": "刘蕾代表",
		"audio": "./assets/music/daibiao/23.mp3",
		"className": "right"
	}, {
		"id": "24",
		"img": "./assets/images/daibiao/24.jpg",
		"name": "卓嘎代表",
		"audio": "./assets/music/daibiao/24.mp3",
		"className": "right"
	}, {
		"id": "25",
		"img": "./assets/images/daibiao/25.jpg",
		"name": "刘庆峰代表",
		"audio": "./assets/music/daibiao/25.mp3",
		"className": "right"
	}, {
		"id": "26",
		"img": "./assets/images/daibiao/26.jpg",
		"name": "张荣代表",
		"audio": "./assets/music/daibiao/26.mp3",
		"className": "right"
	}, {
		"id": "27",
		"img": "./assets/images/daibiao/27.jpg",
		"name": "贾樟柯代表",
		"audio": "./assets/music/daibiao/27.mp3",
		"className": "right"
	}, {
		"id": "28",
		"img": "./assets/images/daibiao/28.jpg",
		"name": "阿东代表",
		"audio": "./assets/music/daibiao/28.mp3",
		"className": "right"
	}, {
		"id": "29",
		"img": "./assets/images/daibiao/29.jpg",
		"name": "孟海代表",
		"audio": "./assets/music/daibiao/29.mp3",
		"className": "right"
	}, {
		"id": "30",
		"img": "./assets/images/daibiao/30.jpg",
		"name": "朱有勇代表",
		"audio": "./assets/music/daibiao/30.mp3",
		"className": "right"
	}, {
		"id": "31",
		"img": "./assets/images/daibiao/31.jpg",
		"name": "王庭聪代表",
		"audio": "./assets/music/daibiao/31.mp3",
		"className": "right"
	}, {
		"id": "32",
		"img": "./assets/images/daibiao/32.jpg",
		"name": "崔世平代表",
		"audio": "./assets/music/daibiao/32.mp3",
		"className": "right"
	}, {
		"id": "33",
		"img": "./assets/images/daibiao/33.jpg",
		"name": "张宝艳代表",
		"audio": "./assets/music/daibiao/33.mp3",
		"className": "left"
	}, {
		"id": "34",
		"img": "./assets/images/daibiao/34.jpg",
		"name": "戴继双代表",
		"audio": "./assets/music/daibiao/34.mp3",
		"className": "left"
	}, {
		"id": "35",
		"img": "./assets/images/daibiao/35.jpg",
		"name": "梁稳根代表",
		"audio": "./assets/music/daibiao/35.mp3",
		"className": "left"
	}, {
		"id": "36",
		"img": "./assets/images/daibiao/36.jpg",
		"name": "孙丕恕代表",
		"audio": "./assets/music/daibiao/36.mp3",
		"className": "right"
	}
]