[

	{
		"id": "1",
		"img": "./assets/images/1.jpg",
		"name": "杨利伟委员",
		"audio": "./assets/music/1.mp3",
		"className": "active transition"
	}, {
		"id": "2",
		"img": "./assets/images/2.jpg",
		"name": "潘建伟委员",
		"audio": "./assets/music/2.mp3",
		"className": "right"
	}, {
		"id": "3",
		"img": "./assets/images/3.jpg",
		"name": "赵红卫委员",
		"audio": "./assets/music/3.mp3",
		"className": "right"
	}, {
		"id": "4",
		"img": "./assets/images/4.jpg",
		"name": "周晔委员",
		"audio": "./assets/music/4.mp3",
		"className": "right"
	}, {
		"id": "5",
		"img": "./assets/images/5.jpg",
		"name": "吴浩委员",
		"audio": "./assets/music/5.mp3",
		"className": "right"
	}, {
		"id": "6",
		"img": "./assets/images/6-1.jpg",
		"name": "张敏委员",
		"audio": "./assets/music/6.mp3",
		"className": "right"
	}, {
		"id": "7",
		"img": "./assets/images/7.jpg",
		"name": "张桃林委员",
		"audio": "./assets/music/7-1.mp3",
		"className": "right"
	}, {
		"id": "8",
		"img": "./assets/images/8.jpg",
		"name": "吕忠梅委员",
		"audio": "./assets/music/8.mp3",
		"className": "right"
	}, {
		"id": "9",
		"img": "./assets/images/9.jpg",
		"name": "李文俊委员",
		"audio": "./assets/music/9.mp3",
		"className": "right"
	}, {
		"id": "10",
		"img": "./assets/images/10.jpg",
		"name": "杨扬委员",
		"audio": "./assets/music/10.mp3",
		"className": "right"
	}, {
		"id": "11",
		"img": "./assets/images/11.jpg",
		"name": "张凯丽委员",
		"audio": "./assets/music/11.mp3",
		"className": "right"
	}, {
		"id": "12",
		"img": "./assets/images/12.jpg",
		"name": "吴为山委员",
		"audio": "./assets/music/12.mp3",
		"className": "right"
	}, {
		"id": "13",
		"img": "./assets/images/13.jpg",
		"name": "戚建波委员",
		"audio": "./assets/music/13.mp3",
		"className": "right"
	}, {
		"id": "14",
		"img": "./assets/images/14.jpg",
		"name": "茸芭莘那委员",
		"audio": "./assets/music/14.mp3",
		"className": "right"
	}, {
		"id": "15",
		"img": "./assets/images/15.jpg",
		"name": "林忠钦委员",
		"audio": "./assets/music/15.mp3",
		"className": "right"
	}, {
		"id": "16",
		"img": "./assets/images/16.jpg",
		"name": "马景林委员",
		"audio": "./assets/music/16.mp3",
		"className": "right"
	}, {
		"id": "17",
		"img": "./assets/images/17.jpg",
		"name": "王欢委员",
		"audio": "./assets/music/17.mp3",
		"className": "right"
	}, {
		"id": "18",
		"img": "./assets/images/18.jpg",
		"name": "黄艳委员",
		"audio": "./assets/music/18.mp3",
		"className": "right"
	}, {
		"id": "19",
		"img": "./assets/images/19.jpg",
		"name": "王励勤委员",
		"audio": "./assets/music/19.mp3",
		"className": "right"
	}, {
		"id": "20",
		"img": "./assets/images/20.jpg",
		"name": "刘红宇委员",
		"audio": "./assets/music/20.mp3",
		"className": "right"
	}, {
		"id": "21",
		"img": "./assets/images/21.jpg",
		"name": "凌锋委员",
		"audio": "./assets/music/21.mp3",
		"className": "right"
	}, {
		"id": "22",
		"img": "./assets/images/22.jpg",
		"name": "王建业委员",
		"audio": "./assets/music/22.mp3",
		"className": "right"
	}, {
		"id": "23",
		"img": "./assets/images/23.jpg",
		"name": "敖虎山委员",
		"audio": "./assets/music/23.mp3",
		"className": "right"
	}, {
		"id": "24",
		"img": "./assets/images/24.jpg",
		"name": "李彦宏委员",
		"audio": "./assets/music/24.mp3",
		"className": "right"
	}, {
		"id": "25",
		"img": "./assets/images/25.jpg",
		"name": "邓中翰委员",
		"audio": "./assets/music/25.mp3",
		"className": "right"
	}, {
		"id": "26",
		"img": "./assets/images/26.jpg",
		"name": "苏权科委员",
		"audio": "./assets/music/26.mp3",
		"className": "right"
	}, {
		"id": "27",
		"img": "./assets/images/27.jpg",
		"name": "舒印彪委员",
		"audio": "./assets/music/27.mp3",
		"className": "right"
	}, {
		"id": "28",
		"img": "./assets/images/28.jpg",
		"name": "卢春房委员",
		"audio": "./assets/music/28.mp3",
		"className": "right"
	}, {
		"id": "29",
		"img": "./assets/images/29.jpg",
		"name": "刘永好委员",
		"audio": "./assets/music/29.mp3",
		"className": "right"
	}, {
		"id": "30",
		"img": "./assets/images/30.jpg",
		"name": "刘伟委员",
		"audio": "./assets/music/30.mp3",
		"className": "right"
	}, {
		"id": "31",
		"img": "./assets/images/31.jpg",
		"name": "杨卫委员",
		"audio": "./assets/music/31.mp3",
		"className": "right"
	}, {
		"id": "32",
		"img": "./assets/images/32.jpg",
		"name": "李新民委员",
		"audio": "./assets/music/32.mp3",
		"className": "right"
	}, {
		"id": "33",
		"img": "./assets/images/33.jpg",
		"name": "冯健身委员",
		"audio": "./assets/music/33.mp3",
		"className": "left"
	}
]